{
  "Afghanistan": "_Eurasia/AFG",
  "Albania": "_Eurasia/ALB",
  "Algeria": "_Africa/DZA",
  "Andorra": "_Eurasia/AND",
  "Angola": "_Africa/AGO",
  "Antigua and Barbuda": "_America/ATG",
  "Australia": "_Oceania/AUS",
  "Austria": "_Eurasia/AUT",
  "Azerbaijan": "_Eurasia/AZE",
  "Bahrain": "_Eurasia/BHR",
  "Bangledesh": "_Eurasia/BGD",
  "Barbados": "_America/BRB",
  "Belarus": "_Eurasia/BLR",
  "Belgium": "_Eurasia/BEL",
  "Belize": "_America/BLZ",
  "Bhutan": "_Eurasia/BTN",
  "Venezuela": "_America/VEN",
  "Bolivia": "_America/BOL",
  "Bosnia and Herzegovina": "_Eurasia/BIH",
  "Botswana": "_Africa/BWA",
  "Brazil": "_America/BRA",
  "Brunei": "_Eurasia/BRN",
  "Burkina Faso": "_Africa/BFA",
  "Burundi": "_Africa/BDI",
  "Cabo Verde": "_Africa/CPV",
  "Cambodia": "_Eurasia/KHM",
  "Canada": "_America/CAN",
  "Chad": "_Africa/TCD",
  "China": "_Eurasia/CHN",
  "Colombia": "_America/COL",
  "Bahamas": "_America/BHS",
  "Comoros": "_Africa/COM",
  "Congo": "_Africa/COG",
  "Costa Rica": "_America/CRI",
  "Croatia": "_Eurasia/HRV",
  "Cuba": "_America/CUB",
  "Cyprus": "_Eurasia/CYP",
  "Czech Republic": "_Eurasia/CZE",
  "Côte d’Ivoire": "_Africa/CIV",
  "North Korea": "_Eurasia/PRK",
  "Democratic Republic of the Congo": "_Africa/COD",
  "Denmark": "_Eurasia/DNK",
  "Dominican Republic": "_America/DOM",
  "Ecuador": "_America/ECU",
  "Egypt": "_Africa/EGY",
  "El Salvador": "_America/SLV",
  "Equatorial Guinea": "_Africa/GNQ",
  "Eritrea": "_Africa/ERI",
  "Estonia": "_Eurasia/EST",
  "Eswatini": "_Africa/SWZ",
  "Ethiopia": "_Africa/ETH",
  "Federated States of Micronesia": "_Oceania/FSM",
  "Fiji": "_Oceania/FJI",
  "Finland": "_Eurasia/FIN",
  "France": "_Eurasia/FRA",
  "Gabon": "_Africa/GAB",
  "Georgia": "_Eurasia/GEO",
  "Ghana": "_Africa/GHA",
  "Greece": "_Eurasia/GRC",
  "Grenada": "_America/GRD",
  "Guatemala": "_America/GTM",
  "Guinea": "_Africa/GIN",
  "Guinea-Bissau": "_Africa/GNB",
  "Guyana": "_America/GUY",
  "Haiti": "_America/HTI",
  "Honduras": "_America/HND",
  "Hungary": "_Eurasia/HUN",
  "Iceland": "_Eurasia/ISL",
  "India": "_Eurasia/IND",
  "Indonesia": "_Eurasia/IDN",
  "Ireland": "_Eurasia/IRL",
  "Iran": "_Eurasia/IRN",
  "Israel": "_Eurasia/ISR",
  "Jamaica": "_America/JAM",
  "Japan": "_Eurasia/JPN",
  "Kazakhstan": "_Eurasia/KAZ",
  "Netherlands": "_Eurasia/NLD",
  "Kiribati": "_Oceania/KIR",
  "Kosovo": "_Eurasia/XKX",
  "Kuwait": "_Eurasia/KWT",
  "Kyrgyzstan": "_Eurasia/KGZ",
  "Laos": "_Eurasia/LAO",
  "Lesotho": "_Africa/LSO",
  "Liberia": "_Africa/LBR",
  "Libya": "_Africa/LBY",
  "Liechtenstein": "_Eurasia/LIE",
  "Lithuania": "_Eurasia/LTU",
  "Luxembourg": "_Eurasia/LUX",
  "Madagascar": "_Africa/MDG",
  "Malawi": "_Africa/MWI",
  "Malaysia": "_Eurasia/MYS",
  "Maldives": "_Eurasia/MDV",
  "Mali": "_Africa/MLI",
  "Malta": "_Eurasia/MLT",
  "Marshall Islands": "_Oceania/MHL",
  "Mauritania": "_Africa/MRT",
  "Mauritius": "_Africa/MUS",
  "Mexico": "_America/MEX",
  "Monaco": "_Eurasia/MCO",
  "Mongolia": "_Eurasia/MNG",
  "Montenegro": "_Eurasia/MNE",
  "Morocco": "_Africa/MAR",
  "Mozambique": "_Africa/MOZ",
  "Myanmar": "_Eurasia/MMR",
  "Nepal": "_Eurasia/NPL",
  "Nauru": "_Oceania/NRU",
  "New Zealand": "_Oceania/NZL",
  "Nicaragua": "_America/NIC",
  "Niger": "_Africa/NER",
  "Italy": "_Eurasia/ITA",
  "Norway": "_Eurasia/NOR",
  "Oman": "_Eurasia/OMN",
  "Pakistan": "_Eurasia/PAK",
  "Palau": "_Oceania/PLW",
  "Papua New Guinea": "_Oceania/PNG",
  "Paraguay": "_America/PRY",
  "Peru": "_America/PER",
  "Poland": "_Eurasia/POL",
  "Portugal": "_Eurasia/PRT",
  "Qatar": "_Eurasia/QAT",
  "Chile": "_America/CHL",
  "Iraq": "_Eurasia/IRQ",
  "Kenya": "_Africa/KEN",
  "South Korea": "_Eurasia/KOR",
  "Lebanon": "_Eurasia/LBN",
  "North Macedonia": "_Eurasia/MKD",
  "Moldova": "_Eurasia/MDA",
  "Namibia": "_Africa/NAM",
  "Sierra Leone": "_Africa/SLE",
  "Gambia": "_Africa/GMB",
  "Romania": "_Eurasia/ROU",
  "Russian Federation": "_Eurasia/RUS",
  "Rwanda": "_Africa/RWA",
  "Saint Kitts and Nevis": "_America/KNA",
  "Saint Lucia": "_America/LCA",
  "Saint Vincent and the Grenadines": "_America/VCT",
  "Samoa": "_Oceania/WSM",
  "San Marino": "_Eurasia/SMR",
  "Sao Tome and Principe": "_Africa/STP",
  "Saudi Arabia": "_Eurasia/SAU",
  "Senegal": "_Africa/SEN",
  "Serbia": "_Eurasia/SRB",
  "Seychelles": "_Africa/SYC",
  "Singapore": "_Eurasia/SGP",
  "Slovakia": "_Eurasia/SVK",
  "Slovenia": "_Eurasia/SVN",
  "Solomon Islands": "_Oceania/SLB",
  "Somalia": "_Africa/SOM",
  "South Africa": "_Africa/ZAF",
  "South Sudan": "_Africa/SSD",
  "Spain": "_Eurasia/ESP",
  "Sri Lanka": "_Eurasia/LKA",
  "Palestine": "_Eurasia/PSE",
  "Sudan": "_Africa/SDN",
  "Suriname": "_America/SUR",
  "Sweden": "_Eurasia/SWE",
  "Syria": "_Eurasia/SYR",
  "Tajikistan": "_Eurasia/TJK",
  "Tanzania": "_Africa/TZA",
  "Thailand": "_Eurasia/THA",
  "Philippines": "_Eurasia/PHL",
  "Djibouti": "_Africa/DJI",
  "Armenia": "_Eurasia/ARM",
  "Benin": "_Africa/BEN",
  "Panama": "_America/PAN",
  "Switzerland": "_Eurasia/CHE",
  "Timor-Leste": "_Eurasia/TLS",
  "Togo": "_Oceania/TGO",
  "Tonga": "_Oceania/TON",
  "Tunisia": "_Africa/TUN",
  "Türkiye": "_Eurasia/TUR",
  "Turkey": "_Eurasia/TUR",
  "Turkmenistan": "_Eurasia/TKM",
  "Tuvalu": "_Oceania/TUV",
  "Uganda": "_Africa/UGA",
  "Ukraine": "_Eurasia/UKR",
  "United Arab Emirates": "_Eurasia/ARE",
  "United Kingdom": "_Eurasia/GBR",
  "United States of America": "_America/USA",
  "Uruguay": "_America/URY",
  "Uzbekistan": "_Eurasia/UZB",
  "Vanuatu": "_Oceania/VUT",
  "Vatican City": "_Eurasia/VAT",
  "Vietnam": "_Eurasia/VNM",
  "Yemen": "_Eurasia/YEM",
  "Zambia": "_Africa/ZMB",
  "Zimbabwe": "_Africa/ZWE",
  "Argentina": "_America/ARG",
  "Central African Republic": "_Africa/CAF",
  "Dominica": "_America/DMA",
  "Germany": "_Eurasia/DEU",
  "Nigeria": "_Africa/NGA",
  "Jordan": "_Eurasia/JOR",
  "Bulgaria": "_Eurasia/BGR",
  "Cameroon": "_Africa/CMR",
  "Latvia": "_Eurasia/LVA"
}
